,mean,std_dev,range_lower,range_upper
trawling,2.3139426258421723,0.7558402874097752,0.832495662519013,3.7953895891653318
navigating,9.638166567390842,1.5042466108683314,6.689843210088912,12.58648992469277
