,mean,std_dev,range_lower,range_upper
trawling,2.316731710240749,0.7388247462894356,0.8686352075134554,3.764828212968043
