,mean,std_dev,range_lower,range_upper
trawling,2.4326261718627,0.346913121656299,1.752676453416354,3.112575890309046
navigating,-46.57328399522784,19.29493709050064,-84.39136069260908,-8.755207297846589
